{"cameraMode":{"drawMode":0,"name":"Shaded","section":"Shading Mode"},"sceneLighting":false,"audioPlay":false,"sceneViewState":{"m_AlwaysRefresh":false,"showFog":false,"showSkybox":false,"showFlares":false,"showImageEffects":false,"showParticleSystems":false,"showVisualEffectGraphs":true,"m_FxEnabled":true},"in2DMode":false,"pivot":{"x":-0.10759025812149048,"y":0.886595606803894,"z":0.2763373851776123},"rotation":{"x":0.006169186905026436,"y":-0.9925779104232788,"z":0.056947384029626849,"w":0.10762479156255722},"size":1.732701063156128,"orthographic":false}