{"cameraMode":{"drawMode":0,"name":"Shaded","section":"Shading Mode"},"sceneLighting":false,"audioPlay":false,"sceneViewState":{"m_AlwaysRefresh":false,"showFog":true,"showSkybox":false,"showFlares":true,"showImageEffects":true,"showParticleSystems":true,"showVisualEffectGraphs":true,"m_FxEnabled":true},"in2DMode":false,"pivot":{"x":0.7635676264762878,"y":-1.5743210315704346,"z":2.713562250137329},"rotation":{"x":0.25466692447662356,"y":0.12719830870628358,"z":-0.03380689397454262,"w":0.9580485820770264},"size":1.7583950757980347,"orthographic":false}