{"cameraMode":{"drawMode":0,"name":"Shaded","section":"Shading Mode"},"sceneLighting":false,"audioPlay":false,"sceneViewState":{"m_AlwaysRefresh":false,"showFog":true,"showSkybox":false,"showFlares":true,"showImageEffects":true,"showParticleSystems":true,"showVisualEffectGraphs":true,"m_FxEnabled":true},"in2DMode":false,"pivot":{"x":5.853885650634766,"y":1.9446688890457154,"z":-0.02732372283935547},"rotation":{"x":-0.15917247533798219,"y":-0.7697306871414185,"z":0.21082060039043427,"w":-0.5813019275665283},"size":1.5894098281860352,"orthographic":false}