{"cameraMode":{"drawMode":0,"name":"Shaded","section":"Shading Mode"},"sceneLighting":true,"audioPlay":false,"sceneViewState":{"m_AlwaysRefresh":false,"showFog":true,"showSkybox":true,"showFlares":true,"showImageEffects":true,"showParticleSystems":true,"showVisualEffectGraphs":true,"m_FxEnabled":true},"in2DMode":false,"pivot":{"x":5.467580795288086,"y":14.265657424926758,"z":-88.96820068359375},"rotation":{"x":0.2972940504550934,"y":-0.30950066447257998,"z":0.10347704589366913,"w":0.8976824879646301},"size":1.2247449159622193,"orthographic":false}