{"cameraMode":{"drawMode":0,"name":"Shaded","section":"Shading Mode"},"sceneLighting":true,"audioPlay":false,"sceneViewState":{"m_AlwaysRefresh":false,"showFog":true,"showSkybox":true,"showFlares":true,"showImageEffects":true,"showParticleSystems":true,"showVisualEffectGraphs":true,"m_FxEnabled":true},"in2DMode":false,"pivot":{"x":442.40814208984377,"y":162.96099853515626,"z":519.179443359375},"rotation":{"x":0.04644418880343437,"y":-0.04063906520605087,"z":0.002775586908683181,"w":0.998552143573761},"size":484.0594787597656,"orthographic":false}