{"cameraMode":{"drawMode":0,"name":"Shaded","section":"Shading Mode"},"sceneLighting":true,"audioPlay":false,"sceneViewState":{"m_AlwaysRefresh":false,"showFog":true,"showSkybox":true,"showFlares":true,"showImageEffects":true,"showParticleSystems":true,"showVisualEffectGraphs":true,"m_FxEnabled":true},"in2DMode":false,"pivot":{"x":45.955265045166019,"y":22.437578201293947,"z":-127.72915649414063},"rotation":{"x":-0.1350843906402588,"y":0.32046106457710268,"z":-0.04678785800933838,"w":-0.9366843104362488},"size":36.37499237060547,"orthographic":false}