{"cameraMode":{"drawMode":0,"name":"Shaded","section":"Shading Mode"},"sceneLighting":true,"audioPlay":false,"sceneViewState":{"m_AlwaysRefresh":false,"showFog":true,"showSkybox":true,"showFlares":true,"showImageEffects":true,"showParticleSystems":true,"showVisualEffectGraphs":true,"m_FxEnabled":true},"in2DMode":false,"pivot":{"x":-6.369476795196533,"y":4.206173896789551,"z":-6.59122371673584},"rotation":{"x":-0.13364997506141663,"y":-0.22621241211891175,"z":0.031350329518318179,"w":-0.9643758535385132},"size":0.25523221492767336,"orthographic":false}