{"cameraMode":{"drawMode":0,"name":"Shaded","section":"Shading Mode"},"sceneLighting":false,"audioPlay":false,"sceneViewState":{"m_AlwaysRefresh":false,"showFog":false,"showSkybox":false,"showFlares":false,"showImageEffects":false,"showParticleSystems":false,"showVisualEffectGraphs":true,"m_FxEnabled":true},"in2DMode":false,"pivot":{"x":0.023411303758621217,"y":0.8888919949531555,"z":0.10965627431869507},"rotation":{"x":0.006169186905026436,"y":-0.9925779104232788,"z":0.056947384029626849,"w":0.10762479156255722},"size":1.5662649869918824,"orthographic":false}