{"cameraMode":{"drawMode":0,"name":"Shaded","section":"Shading Mode"},"sceneLighting":false,"audioPlay":false,"sceneViewState":{"m_AlwaysRefresh":false,"showFog":false,"showSkybox":false,"showFlares":false,"showImageEffects":false,"showParticleSystems":false,"showVisualEffectGraphs":true,"m_FxEnabled":true},"in2DMode":false,"pivot":{"x":-0.015813320875167848,"y":0.8192293047904968,"z":0.2621045708656311},"rotation":{"x":0.03613254055380821,"y":0.9171780347824097,"z":-0.38831043243408205,"w":0.0848691388964653},"size":1.4225441217422486,"orthographic":false}