{"cameraMode":{"drawMode":0,"name":"Shaded","section":"Shading Mode"},"sceneLighting":false,"audioPlay":false,"sceneViewState":{"m_AlwaysRefresh":false,"showFog":false,"showSkybox":false,"showFlares":false,"showImageEffects":false,"showParticleSystems":false,"showVisualEffectGraphs":true,"m_FxEnabled":true},"in2DMode":false,"pivot":{"x":-0.26056772470474245,"y":1.1462427377700806,"z":0.5130928754806519},"rotation":{"x":-0.020827898755669595,"y":0.9689258933067322,"z":-0.23066183924674989,"w":-0.08744936436414719},"size":0.6505287289619446,"orthographic":false}